id,name,country
1,Sofia Rossi,Italy
2,Antoine Dubois,France
3,Sophie Lefevre,France
4,Nguyen Van Anh,Vietnam
5,John Smith,United States
6,Emily Brown,Canada
7,Isabelle Moreau,France
8,Marie Durand,France
9,Kenji Tanaka,Japan
10,Luca Ferrari,Italy
11,Michael Johnson,United States
12,Maria Garcia,Mexico
13,William Wilson,Canada
14,Tran Thi Mai,Vietnam
15,Isabella Rodriguez,Spain
16,Hiroki Yamamoto,Japan
17,Kim Min-ji,South Korea
18,Yuki Nakamura,Japan
19,Sofia Martinez,Spain
20,Li Wei,China
21,Wang Fang,China
22,Olivia Anderson,Canada
23,David Taylor,United States
24,Ava Thomas,Canada
25,Camila Hernandez,Mexico
26,Kota Sato,Japan
27,Maximilian MÃ¼ller,Germany
28,Le Thi Hoa,Vietnam
29,Camille Bernard,France
30,Paul Schneider,Germany
31,Alejandro Fernandez,Spain
32,James Moore,United States
33,Valeria Lopez,Mexico
34,Ryota Kobayashi,Japan
35,Haruki Ito,Japan
36,Leon Hoffmann,Germany
37,Takuya Yoshida,Japan
38,Jonas Bauer,Germany
39,Daniel Sanchez,Spain
40,Robert Jackson,United States
41,Chloe White,Canada
42,Park Ji-hye,South Korea
43,Pham Van Tuan,Vietnam
44,Manon Roux,France
45,Giulia Romano,Italy
46,Joseph Harris,United States
47,Oliver Wilson,United Kingdom
48,Kaito Suzuki,Japan
49,Ethan Thompson,United States
50,Zhang Wei,China
51,Benjamin Garcia,United States
52,Nguyen Thi Lan,Vietnam
53,Ximena Ramirez,Mexico
54,Harry Wright,United Kingdom
55,Emma Martin,France
56,Lucia Perez,Spain
57,Samuel Lewis,United States
58,Charlotte Petit,France
59,Lea Laurent,France
60,Lukas Schulz,Germany
61,Pablo Gonzalez,Spain
62,Aurora Costa,Italy
63,Jack King,United Kingdom
64,Mia Lee,Canada
65,Chen Lin,China
66,Felix Richter,Germany
67,George Green,United Kingdom
68,Louise Dubois,France
69,Elias Wagner,Germany
70,Henry Clark,United States
71,Sota Watanabe,Japan
72,Ren Tanaka,Japan
73,Sofia Flores,Mexico
74,Alba Romero,Spain
75,Shun Yamaguchi,Japan
76,Liu Yang,China
77,Finn Becker,Germany
78,Zhou Jie,China
79,Andrea Diaz,Mexico
80,Victoria Hall,Canada
81,Oscar Wolf,Germany
82,Sun Mei,China
83,Isabella Chavez,Mexico
84,Kazuki Kato,Japan
85,Alessandro Rizzo,Italy
86,Valentina Vargas,Mexico
87,Lee Seo-yeon,South Korea
88,Daniela Mendoza,Mexico
89,Yuto Okada,Japan
90,William Taylor,United Kingdom
91,Noah Braun,Germany
92,Sora Miura,Japan
93,Ben Fischer,Germany
94,Clara Moreau,France
95,Lily Young,Canada
96,Choi Yu-jin,South Korea
97,Hu Ming,China
98,Ana Sanchez,Mexico
99,Aoi Kimura,Japan
100,Chloe Lefevre,France